FC al seleccionar Fragment de Navigation Drawer,0 ,1 ,22 
Failed to resolve al compilar librería en android,1 ,1 ,10 
Inicializar interface,0 ,1 ,23 
Modificar el archivo string.xml desde codigo java,0 ,1 ,22 
¿ Cómo quitar totalmente la &ldquo;status bar&rdquo; y modificarla?,2 ,3 ,513 
Como quitar la ActionBar/ToolBar de mi aplicación Android,8 ,9 ,30k 
¿Como implementar AsyncTask al revisar conectividad?,1 ,3 ,900 
Problema al descargar un xml para después mostrar,-1 ,1 ,17 
¿Cómo puedo ocultar y mostrar un WebView mediante un botón en un Fragment? Android Studio,0 ,2 ,346 
error no se puede convertir String a JSONObject android studio al intentar actualizar,1 ,2 ,367 
¿Conectar foro con aplicación?,0 ,0 ,20 
&ldquo;Hace cuento tiempo&rdquo; en Java,0 ,2 ,32 
¿Como mostrar y ocultar contraseña de edittext tipo password?,2 ,2 ,52 
¿Cómo puedo conectar un emulador Android a internet?,-2 ,0 ,15 
