¿Cómo verificar si una tag html es una tag especifica de un array &ldquo;.class&rdquo; desde JQuery?,0 ,2 ,7 
sumar o dividir y que el resultado sea con dos decimales pero sin redondear javacript,0 ,3 ,24 
JavaScript - Sustituir imagen dentro de una tabla utilizando document.getElementByTagName,1 ,0 ,16 
Cual es la diferencia entre una etiqueta y un elemento en HTML,4 ,3 ,108 
Calcular MCD y mcm con javascript,0 ,0 ,21 
Ayuda con una tabla dentro de un while php,0 ,1 ,38 
OnClick mostrar gif,0 ,1 ,341 
D3 saltos de linea en elemento title,2 ,1 ,344 
Imagen responsive background en móviles,0 ,2 ,339 
escribir datos de un formulario HTML a una tabla en excel,-2 ,0 ,8 
HTML Poner en la misma línea dos elementos (una foto y un texto),0 ,2 ,24 
¿Cómo desplazarse en una tabla por medio del teclado?,0 ,1 ,17 
Validar fechas con JavaScript,0 ,4 ,502 
