Error al intentar acceder a los atributos de una clase,0 ,1 ,22 
¿Cómo limpar carácteres indeseables (SALTOS DE LINEA) en un texto? (Uncaught SyntaxError: Invalid or unexpected token),0 ,1 ,18 
¿Comando exacto para ejecucion de comando en Mikrotik a travez de la API en PHP?,0 ,2 ,351 
sumar o dividir y que el resultado sea con dos decimales pero sin redondear javacript,0 ,3 ,24 
PHP - Recorrer archivo CSV grande con funcion,2 ,1 ,331 
buscar valores repetidos y poner si es la primera ; la segunda o la tercera vez que se repite,0 ,1 ,33 
A veces un enlace no responde ¿es normal?,0 ,0 ,11 
Problema al generar la media de un array,0 ,1 ,26 
Consulta en PHP sin resultados; pero en PHPMyAdmin sí hay resultados,0 ,1 ,358 
Warning en PHP: HTTP request failed! HTTP/1.1 503 Service Unavailable,0 ,0 ,42 
Generar números aleatorios e insertarlos en un array,0 ,4 ,43 
Ayuda con una tabla dentro de un while php,0 ,1 ,38 
error no se puede convertir String a JSONObject android studio al intentar actualizar,1 ,2 ,367 
No funciona calculadora con javascript otra vez,1 ,2 ,19 
