INGENIEROS EN SISTEMAS PARA DESARROLLO DE SOFTWARE,Confidencial,Quito; Pichincha,Full-time,No especificado
Programador / Desarrollador de Software,SATCOM S.A.,Quito; Pichincha,Full-time,No especificado
Programador/a - Desarrollador/a de Software,AUDITORIA INTEGRAL Y GESTIÓN CONTABLE AUDITED CIA LTDA,Cuenca; Azuay,Full-time,No especificado
Ingeniero en Sistemas; Informática; Telecomunicaciones,Confidencial,Quito; Pichincha,Full-time,No especificado
Analista de Sistemas Informáticos en Desarrollo Base de Datos,Confidencial,Quito; Pichincha,Full-time,No especificado
ANALISTA DE DESARROLLO Y MANTENIMIENTO DE SOFTWARE  - QUITO,Confidencial,Quito; Pichincha,Full-time,No especificado
DESARROLLADOR DE SOFTWARE - AMBATO,COOPERATIVA DE AHORRO Y CREDITO SAN FRANCISCO LTDA.,Ambato; Tungurahua,Full-time,No especificado
Desarrollador de Software,Confidencial,Manta; Manabí,Full-time,No especificado
Desarrollador de Software,Confidencial,Guayaquil; Guayas,Full-time,No especificado
COORDINADOR DE DESARROLLO DE SISTEMAS,Confidencial,Guayaquil; Guayas,Full-time,No especificado
ANALISTA PROGRAMADOR DE SISTEMAS,Confidencial,Quito; Pichincha,Full-time,No especificado
Programadores / Desarrolladores,SIBERIAN,Guayaquil; Guayas,Full-time,No especificado
INGENIERO DE DESARROLLO DE SISTEMAS QUITO,Banco Solidario,Quito; Pichincha,Full-time,No especificado
Consultor Junior Desarrollo e Implementación de Sistemas,Confidencial,Quito; Pichincha,Full-time,No especificado
ANALISTA DE DESARROLLO SENIOR,BANGARA S.A,Quito; Pichincha,Full-time,No especificado
Analista de Investigación y Desarrollo,Confidencial,Coca; Orellana,Full-time,No especificado
Analista de Investigación y Desarrollo,SERTECPET S.A.,Quito; Pichincha,Full-time,No especificado
ANALISTA DE DESARROLLO COMERCIAL - GEOPOSICIONAMIENTO GUAYAQUIL (CONSUMO MASIVO),ADECCO,Guayas; Guayas,Full-time,No especificado
ANALISTA DE DESARROLLO COMERCIAL - GEOPOSICIONAMIENTO QUITO (CONSUMO MASIVO),Confidencial,Quito; Pichincha,Full-time,No especificado
ANALISTA PROGRAMADOR JUNIOR,Alimentos La Italiana,Cuenca; Azuay,Full-time,No especificado
INGENIERO EN SISTEMAS,Confidencial,Quito; Pichincha,Full-time,De $850 a $1.000 bruto por mes
ingeniero en sistemas / ingeniero en software,Confidencial,Quito; Pichincha,Full-time,No especificado
Software Developer - (Inhouse - Quito - English Required),STACK BUILDERS,Quito; Pichincha,Full-time,No especificado
Programador,Almacenes Estuardo Sánchez,Guayaquil; Guayas,Full-time,No especificado
Programador,Confidencial,Quito; Pichincha,Full-time,No especificado
PROGRAMADOR,ECUAMERCIO,Quito; Pichincha,Full-time,No especificado
DESARROLLADOR,Confidencial,Quito; Pichincha,Full-time,No especificado
DESARROLLADOR,Confidencial,Guayaquil; Guayas,Full-time,No especificado
Desarrollador,GEA ECUADOR,Guayaquil; Guayas,Full-time,No especificado
Java Software Engineer ( USD30K/year)  - Remote Work,CrossOver,Ecuador,Full-time,No especificado
