MIWEBNET; S.A., 1
Exprice It, 1
Duramas Cía. Ltda. Matriz, 1
Jomates, 1
IMnegocios, 1
GEDATECU SA, 2
iT/Corp (Innovatecorp S.A.), 1
Inveligent S. A., 1
Indian Motos S. A., 1
SIBERIAN, 2
Sistemas Informáticos Génesis, 1
InSoft, 1
Bangara S.A., 1
Corporación Kruger, 1
KARNATAKA S.A., 1
SFE S.A., 1
Confidencial, 16
SATCOM S.A., 1
AUDITORIA INTEGRAL Y GESTIÓN CONTABLE AUDITED CIA LTDA, 1
COOPERATIVA DE AHORRO Y CREDITO SAN FRANCISCO LTDA., 1
Banco Solidario, 1
BANGARA S.A, 1
SERTECPET S.A., 1
ADECCO, 1
Alimentos La Italiana, 1
STACK BUILDERS, 1
Almacenes Estuardo Sánchez, 1
ECUAMERCIO, 1
GEA ECUADOR, 1
