i-Route Solutions, 1
Duramas Cía. Ltda. Matriz, 1
GALAVOYAGER, 1
IMnegocios, 1
GEDATECU SA, 2
iT/Corp (Innovatecorp S.A.), 1
Sermatick, 1
Sifizsoft S.A., 4
MEDIUM Multimedia, 1
Marco Maldonado, 2
SIBERIAN, 3
InSoft, 1
Bangara S.A., 1
Corporación Kruger, 1
Inveligent S. A., 1
Confidencial, 26
SATCOM S.A., 2
AUDITORIA INTEGRAL Y GESTIÓN CONTABLE AUDITED CIA LTDA, 2
Ecuasanitas, 2
SEDEMI, 2
COOPERATIVA DE AHORRO Y CREDITO SAN FRANCISCO LTDA., 2
MARCIMEX, 2
Banco Solidario, 2
Solución S.A., 2
BANGARA S.A, 2
SERTECPET S.A., 2
PROFACTURA, 2
ECUANEXUS, 2
SIFIZSOFT S.A., 4
ADECCO, 2
Alimentos La Italiana, 2
STACK BUILDERS, 2
